{"cameraMode":{"drawMode":0,"name":"Shaded","section":"Shading Mode"},"sceneLighting":true,"audioPlay":false,"sceneViewState":{"m_AlwaysRefresh":false,"showFog":true,"showSkybox":true,"showFlares":true,"showImageEffects":true,"showParticleSystems":true,"showVisualEffectGraphs":true,"m_FxEnabled":true},"in2DMode":false,"pivot":{"x":77.80328369140625,"y":15.953692436218262,"z":17.17513656616211},"rotation":{"x":-0.07043755054473877,"y":-0.3851819634437561,"z":0.029675647616386415,"w":-0.9197708368301392},"size":0.7433034181594849,"orthographic":false}