{"cameraMode":{"drawMode":0,"name":"Shaded","section":"Shading Mode"},"sceneLighting":true,"audioPlay":false,"sceneViewState":{"m_AlwaysRefresh":false,"showFog":true,"showSkybox":true,"showFlares":true,"showImageEffects":true,"showParticleSystems":true,"showVisualEffectGraphs":true,"m_FxEnabled":true},"in2DMode":false,"pivot":{"x":2.2679669857025148,"y":2.1066009998321535,"z":-13.716914176940918},"rotation":{"x":0.001115851802751422,"y":0.9980503916740418,"z":0.059954933822155,"w":-0.01857088692486286},"size":9.194283485412598,"orthographic":false}